172.20.4.1,00-00-CD-29-E9-AB,n/a
172.20.4.2,00-15-77-F7-BB-A6,n/a
172.20.4.3,00-16-B6-8D-8F-18,n/a
172.20.4.4,00-1A-64-D2-2B-F4,n/a
172.20.4.7,00-21-86-1C-34-FF,n/a
172.20.4.8,00-21-5E-54-E2-6C,n/a
172.20.4.9,00-15-77-F7-BB-AF,n/a
172.20.4.15,74-EA-3A-B1-E5-D7,n/a
172.20.4.16,00-27-0D-82-0F-C1,n/a
172.20.4.17,00-00-CD-28-C0-2D,n/a
172.20.4.18,00-15-77-F7-BB-8C,n/a
172.20.4.19,00-21-5E-57-7A-70,n/a
172.20.4.20,00-00-CD-28-C0-25,n/a
172.20.4.22,EC-CD-6D-1C-F4-B9,n/a
172.20.4.23,00-15-77-F2-8B-3B,n/a
172.20.4.25,00-15-77-E6-98-4A,n/a
172.20.4.27,EC-CD-6D-04-13-A8,n/a
172.20.4.29,00-15-77-E7-33-86,n/a
172.20.4.31,00-15-77-DB-88-63,n/a
172.20.4.32,EC-CD-6D-0E-AC-C3,n/a
172.20.4.34,00-15-77-F2-8A-A5,n/a
172.20.4.37,EC-CD-6D-04-05-E3,n/a
172.20.4.40,EC-CD-6D-04-1A-7E,n/a
172.20.4.42,00-15-77-E6-9F-CF,n/a
172.20.4.44,EC-CD-6D-0C-63-05,n/a
172.20.4.46,00-15-77-DB-88-C2,n/a
172.20.4.47,EC-CD-6D-04-12-63,n/a
172.20.4.49,EC-CD-6D-03-F4-9A,n/a
172.20.4.50,00-00-CD-28-C0-11,n/a
172.20.4.53,EC-CD-6D-0E-C3-B6,n/a
172.20.4.56,EC-CD-6D-0C-AC-11,n/a
172.20.4.59,EC-CD-6D-0C-99-1F,n/a
172.20.4.60,EC-CD-6D-0E-A5-0C,n/a
172.20.4.61,EC-CD-6D-1C-F4-88,n/a
172.20.4.63,EC-CD-6D-1C-C4-7D,n/a
172.20.4.65,00-15-77-DB-88-40,n/a
172.20.4.67,EC-CD-6D-04-1B-46,n/a
172.20.4.69,00-15-77-E6-87-4C,n/a
172.20.4.70,00-00-CD-28-C0-57,n/a
172.20.4.73,00-15-77-F2-91-62,n/a
172.20.4.76,00-15-77-DB-88-2F,n/a
172.20.4.80,00-15-77-DB-88-B2,n/a
172.20.4.81,EC-CD-6D-0E-C0-4B,n/a
172.20.4.82,00-15-77-E6-A6-F0,n/a
172.20.4.83,00-15-77-E6-93-04,n/a
172.20.4.84,EC-CD-6D-18-30-67,n/a
172.20.4.85,00-15-77-DB-88-AD,n/a
172.20.4.89,EC-CD-6D-04-1C-0E,n/a
172.20.4.90,00-00-CD-28-C0-09,n/a
172.20.4.93,EC-CD-6D-0C-99-B5,n/a
172.20.4.96,EC-CD-6D-0C-A4-5A,n/a
172.20.4.98,EC-CD-6D-1C-CC-56,n/a
172.20.4.100,00-00-CD-27-C4-71,n/a
172.20.4.101,EC-CD-6D-1C-CB-30,n/a
172.20.4.103,EC-CD-6D-1C-E0-D1,n/a
172.20.4.105,EC-CD-6D-1C-CA-3B,n/a
172.20.4.107,EC-CD-6D-1C-EB-EB,n/a
172.20.4.111,00-15-77-F2-8C-03,n/a
172.20.4.112,EC-CD-6D-03-F9-18,n/a
172.20.4.113,EC-CD-6D-0C-BB-4D,n/a
172.20.4.114,EC-CD-6D-0C-A5-09,n/a
172.20.4.116,EC-CD-6D-0E-8B-8F,n/a
172.20.4.118,00-15-77-DB-88-BE,n/a
172.20.4.119,EC-CD-6D-0C-A0-40,n/a
172.20.4.120,00-00-CD-28-C0-39,n/a
172.20.4.122,EC-CD-6D-0E-C2-A3,n/a
172.20.4.124,00-15-77-9B-00-54,n/a
172.20.4.125,EC-CD-6D-18-32-8D,n/a
172.20.4.127,EC-CD-6D-18-2E-F0,n/a
172.20.4.128,00-15-77-E6-8C-C4,n/a
172.20.4.129,00-15-77-DB-88-94,n/a
172.20.4.131,EC-CD-6D-0E-8F-A9,n/a
172.20.4.134,00-15-77-F2-90-E5,n/a
172.20.4.140,00-00-CD-28-C0-1D,n/a
172.20.4.141,00-15-77-DB-88-92,n/a
172.20.4.142,EC-CD-6D-0C-A2-CA,n/a
172.20.4.143,EC-CD-6D-03-E6-71,n/a
172.20.4.145,00-15-77-DB-88-AC,n/a
172.20.4.147,EC-CD-6D-1C-C8-82,n/a
172.20.4.149,EC-CD-6D-03-F8-05,n/a
172.20.4.151,EC-CD-6D-1C-DA-1E,n/a
172.20.4.153,00-15-77-AB-1C-7E,n/a
172.20.4.154,00-15-77-DB-88-6C,n/a
172.20.4.158,EC-CD-6D-0C-B6-CF,n/a
172.20.4.159,EC-CD-6D-18-2E-A5,n/a
172.20.4.160,00-00-CD-29-9D-89,n/a
172.20.4.161,00-15-77-F2-81-F4,n/a
172.20.4.167,00-15-77-C5-A4-3C,n/a
172.20.4.169,EC-CD-6D-0E-8F-45,n/a
172.20.4.172,00-15-77-DB-88-A9,n/a
172.20.4.175,EC-CD-6D-0E-C2-EE,n/a
172.20.4.177,00-15-77-E6-87-65,n/a
172.20.4.179,00-15-77-9A-FE-89,n/a
172.20.4.180,00-00-CD-28-C0-1B,n/a
172.20.4.181,00-15-77-DB-88-0C,n/a
172.20.4.183,EC-CD-6D-1C-F2-0B,n/a
172.20.4.185,00-15-77-DB-88-77,n/a
172.20.4.186,EC-CD-6D-18-30-35,n/a
172.20.4.188,EC-CD-6D-04-1C-40,n/a
172.20.4.189,EC-CD-6D-0C-BB-34,n/a
172.20.4.190,EC-CD-6D-0E-A2-05,n/a
172.20.4.192,EC-CD-6D-18-33-23,n/a
172.20.4.194,EC-CD-6D-0E-AD-A4,n/a
172.20.4.195,00-15-77-DB-88-A4,n/a
172.20.4.196,EC-CD-6D-18-31-DE,n/a
172.20.4.198,00-15-77-E6-9E-3F,n/a
172.20.4.200,00-00-CD-28-C0-1F,n/a
172.20.4.201,EC-CD-6D-0C-96-AE,n/a
172.20.4.203,EC-CD-6D-0C-9E-E2,n/a
172.20.4.205,00-15-77-E6-7E-9B,n/a
172.20.4.206,EC-CD-6D-04-0B-5B,n/a
172.20.4.208,EC-CD-6D-0C-B4-90,n/a
172.20.4.210,00-15-77-57-0A-42,n/a
172.20.4.211,00-15-77-E6-A2-8B,n/a
172.20.4.213,EC-CD-6D-1C-D8-96,n/a
172.20.4.215,EC-CD-6D-04-04-21,n/a
172.20.4.218,EC-CD-6D-0E-A5-BB,n/a
172.20.4.220,EC-CD-6D-0E-BB-69,n/a
172.20.4.222,EC-CD-6D-0E-8F-DB,n/a
172.20.4.224,EC-CD-6D-0E-8C-3E,n/a
172.20.4.225,EC-CD-6D-1C-DD-C1,n/a
172.20.4.227,EC-CD-6D-1C-F3-93,n/a
172.20.4.229,00-15-77-DB-88-98,n/a
172.20.4.230,00-00-CD-29-9D-7F,n/a
172.20.4.231,00-15-77-57-04-04,n/a
172.20.4.232,00-15-77-E6-9B-51,n/a
172.20.4.235,00-15-77-E6-8D-8C,n/a
172.20.4.238,EC-CD-6D-0C-9F-14,n/a
172.20.4.240,EC-CD-6D-03-F4-1D,n/a
172.20.4.242,EC-CD-6D-0E-C3-CF,n/a
172.20.4.244,EC-CD-6D-1C-DB-A6,n/a
172.20.4.246,00-15-77-AB-1A-D5,n/a
172.20.4.247,00-15-77-E6-9C-64,n/a
172.20.4.248,EC-CD-6D-0E-92-97,n/a
172.20.4.250,00-00-CD-28-C0-2B,n/a
172.20.4.252,EC-CD-6D-0C-9D-6B,n/a
172.20.4.254,EC-CD-6D-0C-B9-BD,n/a
172.20.5.1,EC-CD-6D-0E-A5-A2,n/a
172.20.5.4,00-15-77-F2-8A-28,n/a
172.20.5.5,EC-CD-6D-0C-8B-41,n/a
172.20.5.6,00-15-77-DB-88-95,n/a
172.20.5.8,EC-CD-6D-03-F3-55,n/a
172.20.5.11,EC-CD-6D-0C-B3-7D,n/a
172.20.5.13,EC-CD-6D-0E-90-D5,n/a
172.20.5.15,00-15-77-F2-8A-0F,n/a
172.20.5.17,00-15-77-E6-94-94,n/a
172.20.5.19,00-15-77-E6-A4-34,n/a
172.20.5.20,00-00-CD-28-C0-2F,n/a
172.20.5.21,00-15-77-E6-8C-DD,n/a
172.20.5.22,EC-CD-6D-0E-8B-76,n/a
172.20.5.24,EC-CD-6D-03-FC-E7,n/a
172.20.5.27,00-15-77-DB-88-72,n/a
172.20.5.29,EC-CD-6D-04-14-89,n/a
172.20.5.32,EC-CD-6D-0C-8F-5B,n/a
172.20.5.35,EC-CD-6D-0E-8E-7D,n/a
172.20.5.38,00-15-77-DB-88-88,n/a
172.20.5.40,00-00-CD-28-C0-13,n/a
172.20.5.41,00-15-77-F2-91-AD,n/a
172.20.5.42,EC-CD-6D-18-2D-79,n/a
172.20.5.43,00-15-77-F2-85-C3,n/a
172.20.5.46,EC-CD-6D-18-34-9A,n/a
172.20.5.47,00-15-77-F2-87-9E,n/a
172.20.5.49,EC-CD-6D-0C-91-04,n/a
172.20.5.150,00-00-CD-28-C0-0D,n/a
172.20.5.151,EC-CD-6D-0E-8E-96,n/a
172.20.5.153,00-15-77-DB-88-59,n/a
172.20.5.156,EC-CD-6D-0C-99-51,n/a
172.20.5.157,EC-CD-6D-0E-AD-59,n/a
172.20.5.159,00-15-77-DB-88-3F,n/a
172.20.5.162,00-15-77-DB-88-B4,n/a
172.20.5.169,EC-CD-6D-04-19-07,n/a
172.20.5.170,00-15-77-DB-88-5B,n/a
172.20.5.172,EC-CD-6D-04-0B-42,n/a
172.20.5.174,00-15-77-DB-88-82,n/a
172.20.5.176,EC-CD-6D-0C-96-F9,n/a
172.20.5.178,00-15-77-F2-8B-54,n/a
172.20.5.179,EC-CD-6D-1C-F4-57,n/a
172.20.5.190,00-00-CD-28-C0-37,n/a
172.20.5.191,EC-CD-6D-1C-DF-18,n/a
172.20.5.193,00-15-77-F2-81-C2,n/a
172.20.5.195,EC-CD-6D-1C-D7-70,n/a
172.20.5.197,EC-CD-6D-0E-8B-5D,n/a
172.20.5.198,EC-CD-6D-0E-A3-F9,n/a
172.20.5.199,EC-CD-6D-04-21-9F,n/a
172.20.5.200,EC-CD-6D-1C-D8-65,n/a
172.20.5.201,EC-CD-6D-1C-F3-F5,n/a
172.20.5.210,00-00-CD-28-C0-4F,n/a
172.20.5.211,00-15-77-DB-88-B7,n/a
172.20.5.212,EC-CD-6D-1C-E0-A0,n/a
172.20.5.213,EC-CD-6D-1C-DC-9B,n/a
172.20.5.215,00-15-77-F2-8A-D7,n/a
172.20.5.217,EC-CD-6D-04-04-E9,n/a
172.20.5.220,EC-CD-6D-0C-B2-E7,n/a
172.20.5.221,00-15-77-F2-90-4F,n/a
172.20.5.224,EC-CD-6D-0C-92-94,n/a
172.20.5.226,EC-CD-6D-0C-B2-CE,n/a
172.20.5.229,00-15-77-F2-8D-48,n/a
172.20.5.240,00-00-CD-29-9D-5D,n/a
172.20.5.241,EC-CD-6D-18-29-F5,n/a
172.20.5.244,00-15-77-DB-88-9B,n/a
172.20.5.246,00-15-77-E6-9B-E7,n/a
172.20.5.248,00-15-77-DB-88-8A,n/a
172.20.5.250,EC-CD-6D-18-2B-B7,n/a
172.20.5.252,EC-CD-6D-04-1D-08,n/a
172.20.5.254,00-15-77-DB-88-4B,n/a
172.20.6.1,00-15-77-DB-88-A2,n/a
172.20.6.2,EC-CD-6D-0E-A8-77,n/a
172.20.6.3,EC-CD-6D-0C-B4-13,n/a
172.20.6.5,00-15-77-DB-88-A3,n/a
172.20.6.7,EC-CD-6D-1C-F5-4C,n/a
172.20.6.9,00-15-77-E6-82-38,n/a
172.20.6.10,00-00-CD-29-9C-03,n/a
172.20.6.12,EC-CD-6D-04-13-44,n/a
172.20.6.13,EC-CD-6D-04-03-8B,n/a
172.20.6.14,00-15-77-F2-94-CD,n/a
172.20.6.15,EC-CD-6D-0E-A8-DB,n/a
172.20.6.16,EC-CD-6D-03-FC-83,n/a
172.20.6.18,EC-CD-6D-1C-F1-47,n/a
172.20.6.20,00-15-77-E6-79-23,n/a
172.20.6.40,00-00-CD-28-C0-31,n/a
172.20.6.41,00-15-77-F2-92-43,n/a
172.20.6.42,00-15-77-DB-88-9F,n/a
172.20.6.44,00-15-77-57-09-98,n/a
172.20.6.46,00-15-77-DB-88-A7,n/a
172.20.6.47,00-15-77-DB-88-BC,n/a
172.20.6.50,EC-CD-6D-0C-A8-A6,n/a
172.20.6.54,00-15-77-F2-90-CC,n/a
172.20.6.55,EC-CD-6D-0E-A2-CD,n/a
172.20.6.56,EC-CD-6D-0E-C1-2C,n/a
172.20.6.58,00-15-77-DB-88-70,n/a
172.20.6.62,EC-CD-6D-0E-BC-31,n/a
172.20.6.66,EC-CD-6D-18-31-61,n/a
172.20.6.70,00-00-CD-29-9C-11,n/a
172.20.6.72,EC-CD-6D-0C-A7-93,n/a
172.20.6.73,00-15-77-F2-7E-3E,n/a
172.20.6.85,EC-CD-6D-0E-A8-2C,n/a
172.20.6.100,EC-CD-6D-1C-C4-1B,n/a
172.20.6.103,EC-CD-6D-0C-A1-85,n/a
172.20.6.104,EC-CD-6D-0C-C3-04,n/a
172.20.6.105,EC-CD-6D-0E-8E-4B,n/a
172.20.6.106,EC-CD-6D-0E-A7-4B,n/a
172.20.6.108,EC-CD-6D-18-2D-47,n/a
172.20.6.109,EC-CD-6D-0E-CE-BF,n/a
172.20.6.110,EC-CD-6D-0E-A8-5E,n/a
172.20.6.111,EC-CD-6D-0E-A8-C2,n/a
172.20.6.123,00-0C-42-A6-36-4B,n/a
172.20.6.124,00-0C-42-A6-36-5A,n/a
172.20.6.125,EC-CD-6D-0E-A8-A9,n/a
172.20.6.128,00-15-77-DB-88-BD,n/a
